{
  "BiDi (bidirectional gap)": {
    "n": 20,
    "syntactic": 0.0,
    "functional": 0.0,
    "mean_time": 48.741419510543345,
    "median_time": 47.27493439614773,
    "p95_time": 76.08813012763858,
    "max_time": 76.08813012763858,
    "constraint_pct": 0
  },
  "SDSD (Ours)": {
    "n": 20,
    "syntactic": 0.0,
    "functional": 0.0,
    "mean_time": 53.098461334966125,
    "median_time": 49.856593780219555,
    "p95_time": 84.39265096746385,
    "max_time": 84.39265096746385,
    "constraint_pct": 0
  }
}