{
  "BiDi (bidirectional gap)": {
    "n": 5,
    "syntactic": 0.0,
    "functional": 0.0,
    "mean_time": 65.95876837782562,
    "median_time": 66.61286795139313,
    "p95_time": 82.92530337907374,
    "max_time": 82.92530337907374,
    "constraint_pct": 0
  },
  "LAVE": {
    "n": 272,
    "syntactic": 0.0,
    "functional": 0.0,
    "mean_time": 7.798479238801472,
    "median_time": 4.6307115390000035,
    "p95_time": 23.586098773999993,
    "max_time": 140.21876186700007,
    "constraint_pct": 8.323275586229222
  },
  "Dgrammar v2+async+AC4": {
    "n": 270,
    "syntactic": 0.0,
    "functional": 0.0,
    "mean_time": 8.334929897962965,
    "median_time": 8.47683538800004,
    "p95_time": 10.272526070999902,
    "max_time": 13.914046291999995,
    "constraint_pct": 16.65996119688748
  },
  "IG-CD": {
    "n": 272,
    "syntactic": 0.0,
    "functional": 0.0,
    "mean_time": 9.066590306426477,
    "median_time": 8.802333147000127,
    "p95_time": 13.489949471999807,
    "max_time": 30.56851407099998,
    "constraint_pct": 18.75818335538267
  },
  "Dgrammar v2": {
    "n": 272,
    "syntactic": 0.0,
    "functional": 0.0,
    "mean_time": 8.290587730573527,
    "median_time": 8.505982950000032,
    "p95_time": 9.858935718999874,
    "max_time": 14.016272902999958,
    "constraint_pct": 16.498494024434525
  }
}