{
  "model": "llada",
  "mock": false,
  "num_samples": 20,
  "block_length": 16,
  "dataset": "default",
  "summary": {
    "Baseline": {
      "ttft_ms": 1860.1871262304485,
      "throughput_tok_s": 8.601285201034042,
      "nfe_avg": 16.0,
      "parse_rate": 100.0,
      "n_samples": 20
    },
    "Ablation1": {
      "ttft_ms": 1789.639138802886,
      "throughput_tok_s": 8.940349846563267,
      "nfe_avg": 16.0,
      "parse_rate": 100.0,
      "n_samples": 20
    },
    "Ablation2": {
      "ttft_ms": 1356.1405515298247,
      "throughput_tok_s": 11.798187128871591,
      "nfe_avg": 16.0,
      "parse_rate": 100.0,
      "n_samples": 20
    },
    "Ablation3": {
      "ttft_ms": 352.51524560153484,
      "throughput_tok_s": 45.388107889340986,
      "nfe_avg": 1.0,
      "parse_rate": 100.0,
      "n_samples": 20
    },
    "SDSD": {
      "ttft_ms": 540.4930360615253,
      "throughput_tok_s": 29.602601573905737,
      "nfe_avg": 1.0,
      "parse_rate": 100.0,
      "n_samples": 20
    }
  }
}