{
  "SDSD (Ours)": {
    "n": 272,
    "syntactic": 0.0,
    "functional": 0.0,
    "mean_time": 15.086193302420297,
    "median_time": 15.205252269282937,
    "p95_time": 17.790693758055568,
    "max_time": 19.27656552940607,
    "constraint_pct": 0
  },
  "Ablation3 (Spec-Tree)": {
    "n": 272,
    "syntactic": 0.0,
    "functional": 0.0,
    "mean_time": 12.075705734451356,
    "median_time": 12.044777093455195,
    "p95_time": 13.508223040029407,
    "max_time": 15.160084065049887,
    "constraint_pct": 0
  },
  "Baseline (DINGO O(N))": {
    "n": 272,
    "syntactic": 0.0,
    "functional": 0.0,
    "mean_time": 51.93525651251377,
    "median_time": 53.079709120094776,
    "p95_time": 61.94914975576103,
    "max_time": 71.5951894260943,
    "constraint_pct": 38.4409821879828
  },
  "Ablation2 (Herding)": {
    "n": 272,
    "syntactic": 0.0,
    "functional": 0.0,
    "mean_time": 37.102669465547315,
    "median_time": 37.83271879516542,
    "p95_time": 45.68803939409554,
    "max_time": 57.04551513120532,
    "constraint_pct": 8.334956470552978
  },
  "Ablation1 (STATIC+DINGO)": {
    "n": 272,
    "syntactic": 0.0,
    "functional": 0.0,
    "mean_time": 34.104180818786574,
    "median_time": 34.879868948832154,
    "p95_time": 43.08196724206209,
    "max_time": 53.436266819015145,
    "constraint_pct": 13.789158418258893
  },
  "LAVE": {
    "n": 272,
    "syntactic": 0.0,
    "functional": 0.0,
    "mean_time": 7.798479238801472,
    "median_time": 4.6307115390000035,
    "p95_time": 23.586098773999993,
    "max_time": 140.21876186700007,
    "constraint_pct": 8.323275586229222
  },
  "Dgrammar v2+async+AC4": {
    "n": 270,
    "syntactic": 0.0,
    "functional": 0.0,
    "mean_time": 8.334929897962965,
    "median_time": 8.47683538800004,
    "p95_time": 10.272526070999902,
    "max_time": 13.914046291999995,
    "constraint_pct": 16.65996119688748
  },
  "IG-CD": {
    "n": 272,
    "syntactic": 0.0,
    "functional": 0.0,
    "mean_time": 9.066590306426477,
    "median_time": 8.802333147000127,
    "p95_time": 13.489949471999807,
    "max_time": 30.56851407099998,
    "constraint_pct": 18.75818335538267
  },
  "Dgrammar v2": {
    "n": 272,
    "syntactic": 0.0,
    "functional": 0.0,
    "mean_time": 8.290587730573527,
    "median_time": 8.505982950000032,
    "p95_time": 9.858935718999874,
    "max_time": 14.016272902999958,
    "constraint_pct": 16.498494024434525
  }
}